NDCG5,NDCG10,NDCG20,HR5,HR10,HR20,n
0.252203,0.288567,0.323595,0.353535,0.464646,0.606061,1
0.268239,0.298246,0.333697,0.363636,0.454545,0.59596,2
0.2784,0.300885,0.336303,0.383838,0.454545,0.59596,3
27.0,30.0,33.0,37.0,46.0,60.0,Mean
1.0,1.0,1.0,2.0,1.0,1.0,Std
