NDCG5,NDCG10,NDCG20,HR5,HR10,HR20,n
0.28223,0.3177,0.335665,0.383838,0.494949,0.565657,1
0.285515,0.302125,0.331052,0.40404,0.454545,0.565657,2
0.292552,0.318404,0.344791,0.393939,0.474747,0.575758,3
28.999999999999996,31.0,34.0,39.0,47.0,56.99999999999999,Mean
1.0,1.0,1.0,1.0,2.0,1.0,Std
