NDCG5,NDCG10,NDCG20,HR5,HR10,HR20,n
0.290326,0.309299,0.340787,0.40404,0.464646,0.585859,1
0.297077,0.323049,0.35563,0.40404,0.484848,0.616162,2
0.272584,0.297552,0.321383,0.393939,0.474747,0.565657,3
28.999999999999996,31.0,34.0,40.0,47.0,59.0,Mean
1.0,1.0,2.0,1.0,1.0,3.0,Std
