NDCG5,NDCG10,NDCG20,HR5,HR10,HR20,n
0.273595,0.296405,0.331851,0.383838,0.454545,0.59596,1
0.265834,0.291941,0.324509,0.363636,0.444444,0.575758,2
0.26724,0.276944,0.320462,0.373737,0.40404,0.575758,3
27.0,28.999999999999996,33.0,37.0,43.0,57.99999999999999,Mean
0.0,1.0,1.0,1.0,3.0,1.0,Std
