NDCG5,NDCG10,NDCG20,HR5,HR10,HR20,n
0.266719,0.296144,0.326597,0.363636,0.454545,0.575758,1
0.272387,0.289237,0.328337,0.383838,0.434343,0.585859,2
0.261364,0.293879,0.316899,0.353535,0.454545,0.545455,3
27.0,28.999999999999996,32.0,37.0,45.0,56.99999999999999,Mean
1.0,0.0,1.0,2.0,1.0,2.0,Std
